Quiz,Description,Answer
대한민국 6대 광역시 중에서 울산광역시의 면적이 가장 넓다.,울산광역시는 6개의 광역시 중에서 두 번째로 넓다. 가장 넓은 면적을 가진 광역시는 인천광역시다. 인천 – 약 1065km² 울산 – 약 1062km² 대구 – 약 883km² 부산 – 약770km² 대전 – 약 539km² 광주 – 약 501km²,0
울산을 상징하는 캐릭터 ‘해울이’는 고래다.,‘해울이’는 고래가 맞다. 울산의 유구한 역사와 문화를 대표하는 '고래'를 마스코트로 지정하였다. ‘해울이’의 ‘해’는 태양과 바다를 함께 의미하는 것으로 열정 도시 울산이 동해의 푸르고 힘찬 기상을 바탕으로 무한한 꿈을 펼쳐간다는 의미를 나타낸다.,1
‘태화강 국가 정원’은 ‘순천만 국가 정원’보다 먼저 국가 정원으로 지정되었다.,태화강 국가 정원’은 2019년에 ‘순천만 국가 정원’에 이어 두 번째 국가 정원으로 지정되었다. 국내 최대규모의 도심 공원인 ‘울산대공원’과 더불어 울산의 그린 인프라를 상징하는 양대 공원이다.,0
‘대왕암 공원’은 울산 12경 중 하나이다.,"‘대왕암 공원’은 울산 12경 중 하나로 제2경에 해당한다. 공원 진입로부터 펼쳐진 해송림과 고래 턱뼈 조형물로 유명하며 바닷가에는 대왕암 외에도 남근바위, 탕건바위, 처녀봉 등",1
‘대왕암 공원’은 육지와 떨어져 있는 섬이지만 다리가 연결되어 있지 않아 배를 타고 입장해야 한다.,"‘대왕암 공원’은 섬이지만, ‘부산 오륙도’처럼 육지와 다리로 연결되어 있다. 동해와 마주한 바위들이 장관을 이루며 울산의 대표 관광지 중 하나이다.",0
‘울산 고래 축제’는 올해로 26회를 맞이한다.,‘울산 고래 축제’는 2022년에 26회를 맞이한다.,1
울산의 대표 지역 문화축제 ‘처용문화제’는 매년 7월에서 8월 사이에 개최된다.,"울산의 ‘처용문화제’는 매년 9월에서 10월에 열리는 시민 축제이다. 울산 공업 축제로부터 시작되었으며, 처용설화를 주제로 하는 축제이다.",0
‘울산광역시’는 한반도에서 가장 동쪽에 있는 광역시이다.,"‘울산광역시’는 한반도에서 가장 동쪽에 있는 광역시가 맞다. 부산광역시와 경도가 비슷하지만, 울산 동구가 반도 지형이라 동쪽으로 튀어나와 있다.",1
울산에 있는 ‘장생포 고래박물관’은 대한민국의 유일한 고래 박물관이다.,"‘장생포 고래박물관’은 국내 유일의 고래 박물관이다. 박물관 근처를 고래 문화 특구로 지정, 고래와 관련된 다양한 체험을 할 수 있다.",1
‘상괭이’는 우리나라의 대표적인 토종 돌고래이다.,"‘상괭이’는 우리나라 토종 돌고래로 ‘물빛에 광택이 난다’ 하여 붙은 이름이다. 머리가 뭉툭하고 등지느러미가 없는 것이 특징이며, 수심이 얕은 연안에 두세 마리씩 모여서 산다. 현재, 불법 어업과 혼획으로 멸종 위기에 몰려 있다.",1
